كود الصنف,اسم الصنف,القسم,وحدة البيع,سعر الحبة,عدد الحبات بالكرتون,سعر الكرتون,المخزون,الرئيسي,فرع02,فرع05,معرف الصورة,عرض,جديد,وسوم,إظهار,ترتيب,ملاحظة
1001,نظارات سباحة كرت,,حبه,1.84,576,,12,0,12,6,,,,,نعم,,
1127,سياره ريموت سباق,,حبة,20.0,,,17,0,17,45,,,,,نعم,,
1128,سياره ريموت سباق,,حبة,22.0,,,60,0,60,41,,,,,نعم,,
1129,سياره ريموت,,حبة,20.0,,,44,0,44,38,,,,,نعم,,
1130,سياره ريموت سباق,,حبة,22.0,,,54,0,54,32,,,,,نعم,,
1155,طقم عرائس,,حبة,23.0,,,8,0,8,30,,,,,نعم,,
16259,سكوشي,,حبة,13.0,,,2,0,2,18,,,,,نعم,,
16270,سكوشي شكولاته,,حبة,12.5,,,71,0,71,24,,,,,نعم,,
16272,سكوشي جبن,,حبة,8.34,,,57,0,57,12,,,,,نعم,,
16273,سكوشي جبن,,حبة,8.34,,,36,0,36,12,,,,,نعم,,
16289,سكوشي,,حبة,11.67,,,2,0,2,12,,,,,نعم,,
2264-1,فانوس رمضان صغير_00346_6حبه,,حبه,8.0,144,,324,306,18,24,,,,,نعم,,
2264-3,فانوس رمضان كبير_00348,,حبه,20.0,24,,3,0,3,12,,,,,نعم,,
2505-1,عوامة سباحة شخصية باو باترول70سم_00105,,حبه,3.0,420,,173,116,57,13,,,,,نعم,,
2505-15,كتافات دائرية اشكال منوعة_00119,,حبه,3.0,500,,194,163,31,12,,,,,نعم,,
2505-16,كتافات سادة_00120,,حبه,2.35,500,,98,63,35,12,,,,,نعم,,
2505-2,عوامة سباحة شخصية باو باترول80سم_00106,,حبه,4.0,360,,202,165,37,6,,,,,نعم,,
2505-3,عوامة سباحة شخصية كرومي70سم_00107,,حبه,3.0,420,,272,244,28,6,,,,,نعم,,
2505-4,عوامة سباحة شخصية كرومي80سم_00108,,حبه,4.0,360,,23,0,23,6,,,,,نعم,,
2505-6,عوامة سباحة بحريات70سم_00110,,حبه,3.0,420,,204,179,25,6,,,,,نعم,,
500-00056,لعبة ترتيب الألوان خشب,,حبه,11.0,60,,2,0,2,6,,,,,نعم,,
500-00059,لعبة ترتيب الصور خشب,,حبه,4.0,240,,149,127,22,6,,,,,نعم,,
500-00064,لعبة تحدي كور المغناطيس,,حبه,13.0,36,,49,18,31,12,,,,,نعم,,
500-00068,بوم حفلات مقاس 30سم,,حبه,1.84,100,,533,510,23,12,,,,,نعم,,
500-00069,بوم حفلات مقاس 40سم,,حبه,2.25,100,,435,411,24,12,,,,,نعم,,
500-00086,ورق باصرة صكة_690011,,BOX,105.0,10,,19,18,1,0,,,,,نعم,,
500-00090,خشب تعليمي أعضاء الوجه_ولادي,,حبه,12.5,72,,203,193,10,6,,,,,نعم,,
500-00091,خشب تعليمي أعضاء الوجه_بناتي,,حبه,12.5,72,,301,290,11,6,,,,,نعم,,
500-00092,خشب تعليمي الصور المتطابقة,,حبه,15.0,72,,135,121,14,6,,,,,نعم,,
500-00095,خشب تعليمي ارقام عربي انجليزي,,حبه,12.5,72,,68,60,8,6,,,,,نعم,,
500-00096,خشب تعليمي الحروف الإنجليزية,,حبه,12.5,72,,83,73,10,6,,,,,نعم,,
500-00097,خشب تعليمي مقاسات كمية,,حبه,12.5,72,,209,200,9,6,,,,,نعم,,
500-00098,خشب تعليمي اشكال و ارقام,,حبه,12.5,72,,198,187,11,6,,,,,نعم,,
500-00099,خشب تعليم رسم,,حبه,11.0,144,,411,401,10,6,,,,,نعم,,
500-00100,خشب تعليمي تطابق الاشكال,,حبه,12.5,72,,309,301,8,6,,,,,نعم,,
500-00103,خشب تعليمي طقس,,حبه,12.5,72,,52,41,11,6,,,,,نعم,,
500-00104,خشب تعليمي الألوان,,حبه,12.5,72,,57,50,7,6,,,,,نعم,,
500-00150,خرز الرسم بالماس ثلاثي الابعاد_12علبة,,BOX,30.0,40,,74,59,15,1,,,,,نعم,,
500-00161,ملابس تنكرية_ميني ماوس,,حبه,26.0,120,,81,71,10,6,,,,,نعم,,
500-00163,ملابس تنكرية_كلب,,حبه,32.0,80,,12,0,12,3,,,,,نعم,,
500-00166,ملابس تنكرية_شرطة,,حبه,39.0,80,,165,156,9,6,,,,,نعم,,
500-00167,ملابس تنكرية_دكتور,,حبه,29.0,80,,26,20,6,3,,,,,نعم,,
500-00168,ملابس تنكرية_مهندس,,حبه,29.0,30,,165,160,5,6,,,,,نعم,,
500-00169,ملابس تنكرية_رجل إطفاء,,حبه,40.0,60,,139,130,9,6,,,,,نعم,,
500-00170,ملابس تنكرية_بالطو دكتور,,حبه,28.0,120,,333,325,8,3,,,,,نعم,,
500-00171,ملابس تنكرية_سبايدرمان,,حبه,29.0,60,,5,0,5,6,,,,,نعم,,
500-00173,لوح الرسم بالماس 40*30,,حبه,7.0,90,,2,0,2,0,,,,,نعم,,
500-00210,نظارات سباحة عريض,,حبه,4.0,144,,7,0,7,0,,,,,نعم,,
500-00218,صلصال فلين 36 حبه,,حبه,4.5,80,,693,659,34,62,,,,,نعم,,
500-00219,حصالة حديد شكل قلبين,,حبه,6.5,96,,110,91,19,6,,,,,نعم,,
500-00225,اونو فيليب,,حبه,3.0,144,,305,246,59,24,,,,,نعم,,
500-00227,ورق بلوت ابيض,,BOX,65.0,12,,142,134,8,1,,,,,نعم,,
500-00227-1,ورق بلوت ابيض-بالحبة,,حبة,5.5,,,9,0,9,0,,,,,نعم,,
500-00228,نظارات سباحة مع خرطوش بكيس,,حبه,6.67,144,,643,617,26,12,,,,,نعم,,
500-00233,دمية ستيتش,,حبه,8.34,240,,10,10,0,0,,,,,نعم,,
500-00234,بوكس غراء نفخ مع بلالين_24حبه,,BOX,30.0,42,,9,0,9,1,,,,,نعم,,
500-00236,دمية كلب قطن 40سم,,حبه,20.84,150,,52,32,20,33,,,,,نعم,,
500-00242,قناع أطفال مع نظارة سبايدرمان_12 حبه,,حبه,4.0,300,,22,21,1,4,,,,,نعم,,
500-00244,نظارات ميكي ماوس_12حبه بعلبة,,حبه,3.34,300,,108,88,20,16,,,,,نعم,,
500-00245,قناع ونظاره ميكي ماوس_12حبه,,حبه,5.0,300,,21,21,0,16,,,,,نعم,,
500-00259,مجسمات اسفنجية_كرومي,,حبه,2.5,600,,2,0,2,0,,,,,نعم,,
500-00262,نظارات سباحة مع خرطوش بكرت,,حبه,9.58,72,,275,258,17,12,,,,,نعم,,
500-00264,كور قدم صغيرة اسفنج,,حبه,6.0,96,,49,16,33,12,,,,,نعم,,
500-00265,كورة سلة صغيرة اسفنج,,حبه,6.0,96,,66,36,30,12,,,,,نعم,,
500-00268,دب قطن 30سم,,حبه,9.17,300,,5,5,0,0,,,,,نعم,,
500-00280,سيارة أطفال ركوب_قرون,,حبه,39.0,8,,2,2,0,0,,,,,نعم,,
500-00289,سياره دف ركوب بعصا,,حبه,99.0,4,,4,2,2,0,,,,,نعم,,
500-00291,سيارة أطفال ركوب_فضاء مع عصا دف,,حبه,115.0,,,8,5,3,0,,,,,نعم,,
500-00292,سيارة أطفال ركوب_مع عصا دف,,حبه,95.0,,,8,5,3,0,,,,,نعم,,
500-00303,روبوت مع لمبة,,حبه,11.0,120,,165,150,15,6,,,,,نعم,,
500-00304,روبوت مع لمبة لابوبو,,حبه,9.0,120,,71,58,13,6,,,,,نعم,,
500-00306,سيارة لابوبو مع لمبة,,حبه,11.0,144,,314,299,15,6,,,,,نعم,,
500-00307,سيارة ستيتش مع لمبة,,حبه,11.0,144,,210,200,10,6,,,,,نعم,,
500-00308,كتاب تعليمي متعدد,,حبه,20.84,48,,26,0,26,0,,,,,نعم,,
500-00312,ايباد متعة التعلم ابيض صغير,,حبه,10.84,168,,188,153,35,6,,,,,نعم,,
500-00314-1,باصرة كينج بلاستيك_بالحبة,,حبة,4.35,,,3,0,3,0,,,,,نعم,,
500-00316,ضومنة صغير,,حبه,6.67,60,,78,42,36,6,,,,,نعم,,
500-00320,مفرش اسفنج شخصيات أطفال 60*60سم,,حبه,20.0,10,,45,25,20,6,,,,,نعم,,
500-00324,نظارات سباحة أطفال مع خرطوش بكرت,,حبه,8.25,96,,357,329,28,12,,,,,نعم,,
500-00334,بوكس 12 جبه سلايم حشرات,,BOX,22.0,12,,17,10,7,1,,,,,نعم,,
500-00336,رمل سحري 500 جرام,,حبه,4.5,72,,180,156,24,18,,,,,نعم,,
500-00342-1,سلايم مع شخصيات فلم زوو_بالحبة,,حبة,4.35,,,15,0,15,0,,,,,نعم,,
500-00345,بوكس 12 سلايم شفاف مع شخصيات لابوبو,,BOX,18.0,20,,48,43,5,1,,,,,نعم,,
500-00345-1,سلايم شفاف مع شخصيات لابوبو_بالحبه,,حبة,1.5,,,11,0,11,0,,,,,نعم,,
500-00357,بقرة نفخ,,حبه,15.0,30,,42,18,24,12,,,,,نعم,,
500-00358,دجاجة صارخة كبير,,حبه,3.34,150,,3,0,3,0,,,,,نعم,,
500-00361,كورة يد,,حبه,5.5,200,,654,618,36,24,,,,,نعم,,
500-00363,رمل سحري وقوالب,,حبه,11.0,24,,17,0,17,0,,,,,نعم,,
500-00367,كورة نط مع مقبض,,حبه,8.75,60,,331,312,19,18,,,,,نعم,,
500-00368,كور ربل 10 حبات,,حبه,1.25,400,,5,2,3,30,,,,,نعم,,
500-00369,كورة قدم منوعة,,حبه,8.25,100,,783,760,23,12,,,,,نعم,,
500-00373,مفرش أرضية 60*60 صورحيوانات,,حبه,20.0,10,,38,20,18,6,,,,,نعم,,
500-00374,مفرش أرضية 60*60 حروف انجليزية,,حبه,20.0,10,,23,4,19,6,,,,,نعم,,
500-00375,سلايم شفاف 12 حبه ستتش,,BOX,60.0,10,,4,0,4,0,,,,,نعم,,
500-00395,دراجة ثلاثة كفر مقعد خلفي_دب,,حبه,76.0,4,,4,4,0,0,,,,,نعم,,
500-00396,دراجة ثلاثة كفر مقعد خلفي_طائرة,,حبه,74.0,4,,8,4,4,0,,,,,نعم,,
500-00423,ورق بلوت رويال,,BOX,36.0,12,,34,26,8,2,,,,,نعم,,
500-00428,دمية قطن ستيتش,,حبه,12.5,200,,203,186,17,12,,,,,نعم,,
500-00429,بوكس سلايم شكل هداياء 20 حبه,,BOX,17.0,28,,66,59,7,3,,,,,نعم,,
500-00430,دراجه ثلاث كفرات اير مان,,حبه,85.0,6,,5,0,5,0,,,,,نعم,,
500-00431-1,سلايم شخصية كرومي 12 حبه,,حبة,3.0,,,9,0,9,0,,,,,نعم,,
500-00432,سيارة أطفال ركوب بعصا,,حبه,95.0,4,,5,2,3,0,,,,,نعم,,
500-00437,سكوشي ببل  بوكس 20حبه,,حبه,5.0,240,,344,190,154,72,,,,,نعم,,
500-00438,دراجة ثلاثه كفر سبيدرمان,,حبه,72.0,6,,35,30,5,0,,,,,نعم,,
500-00439,دراجة ثلاثه كفر سبيدرمان احمر,,حبه,65.0,6,,23,18,5,0,,,,,نعم,,
500-00440,دراجة ثلاثة كفر نحلة,,حبه,85.0,6,,21,18,3,0,,,,,نعم,,
500-00441,دراجة ثلاثة كفر كرومي,,حبه,62.0,6,,40,36,4,0,,,,,نعم,,
500-00442,دراجه ثلاثه كفر دب,,حبه,62.0,6,,23,18,5,0,,,,,نعم,,
500-00443,دراجة ثلاثة كفر شخصيات منوعة,,حبه,49.0,6,,23,18,5,0,,,,,نعم,,
500-00444,دراجه ثلاث كفرات مقعد خلفي,,حبه,78.0,4,,11,8,3,0,,,,,نعم,,
500-00445,دراجة هوائية مقاس 12 طارات ملونه,,حبه,150.0,,,23,22,1,0,,,,,نعم,,
500-00446,دراجة هوائية مقاس 14 طارات ملونه,,حبه,160.0,,,23,21,2,0,,,,,نعم,,
500-00447,دراجة هوائية مقاس 16 طارات ملونه,,حبه,170.0,,,23,22,1,0,,,,,نعم,,
500-00448,دراجة هوائية مقاس 12 مع زمزمية,,حبه,125.0,2,,14,12,2,0,,,,,نعم,,
500-00449,دراجة هوائية مقاس 14 مع زمزمية,,حبه,140.0,2,,18,16,2,0,,,,,نعم,,
500-00450,دراجة هوائية مقاس 16 مع زمزمية,,حبه,160.0,2,,18,16,2,0,,,,,نعم,,
500-00452,سكوتر اطفال صورة فضا,,حبه,45.0,10,,61,51,10,4,,,,,نعم,,
500-00453,سكوتر اطفال شخصية كرتونية,,حبه,48.0,10,,45,37,8,4,,,,,نعم,,
500-00454,سكوتر اطفال ارنب,,حبه,48.0,10,,40,31,9,4,,,,,نعم,,
500-00455,سكوتر اطفال صورة باندا,,حبه,47.0,10,,71,61,10,4,,,,,نعم,,
500-00456,سكوتر اطفال شكل شاحنة,,حبه,49.0,10,,64,54,10,4,,,,,نعم,,
500-00457,بوكسنج نفخ كبير,,حبه,22.0,60,,36,18,18,0,,,,,نعم,,
500-00458,بوكسنج نفخ صغير,,حبه,12.0,100,,37,1,36,0,,,,,نعم,,
500-00459,جاكيت سباحة كبير,,حبه,7.5,200,,472,438,34,12,,,,,نعم,,
500-00460,جاكيت سباحة وسط,,حبه,6.0,240,,561,528,33,12,,,,,نعم,,
500-00461,جاكيت سباحة شخصيات وسط,,حبه,8.0,200,,437,402,35,12,,,,,نعم,,
500-00462,جاكيت سباحة شخصيات وسط,,حبه,8.0,240,,544,509,35,12,,,,,نعم,,
500-00463,كتافات ملونه,,حبه,3.0,500,,416,380,36,12,,,,,نعم,,
500-00464,كتافات صور حيوانات,,حبه,1.84,720,,588,552,36,12,,,,,نعم,,
500-00465,عوامة سباحة شكل كرومي,,حبه,7.0,180,,74,42,32,12,,,,,نعم,,
500-00466,عوامة سباحة شكل ستيتش,,حبه,7.5,180,,8,0,8,12,,,,,نعم,,
500-00467,عوامة سباحة شكل بطه,,حبه,7.0,180,,14,0,14,12,,,,,نعم,,
500-00468,عوامة سباحة أطفال صور حيوانات,,حبه,5.5,240,,288,252,36,12,,,,,نعم,,
500-00469,مسبح دائري مقاس60*30,,حبه,12.0,60,,333,327,6,6,,,,,نعم,,
500-00470,مسبح دائري مقاس 90*30,,حبه,18.34,48,,216,204,12,6,,,,,نعم,,
500-00471,مسبح دائري مقاس120*30,,حبه,29.0,36,,139,133,6,6,,,,,نعم,,
500-00472,مسبح مستطيل مقاس150,,حبه,48.0,10,,16,11,5,6,,,,,نعم,,
500-00473,مسبح مستطيل,,حبه,69.0,5,,8,4,4,5,,,,,نعم,,
500-00476,عوامة سباحة مقاس 70 شخصيات,,حبه,4.0,420,,584,540,44,12,,,,,نعم,,
500-00477,عوامة سباحة مقاس 80 شخصيات,,حبه,6.5,360,,537,492,45,12,,,,,نعم,,
500-00478,عوامة سباحة مقاس 80ساده,,حبه,4.5,360,,468,444,24,12,,,,,نعم,,
500-00479,عوامة سباحة مقاس 90ساده,,حبه,6.5,320,,352,322,30,12,,,,,نعم,,
500-00480,سيارة أطفال ركوب كبير بعصا,,حبه,110.0,,,2,0,2,0,,,,,نعم,,
500-00482,دراجة هوائية بناتي مقاس 12,,حبه,155.0,2,,18,14,4,0,,,,,نعم,,
500-00483,دراجة هوائية بناتي مقاس 14,,حبه,160.0,2,,19,18,1,0,,,,,نعم,,
500-00484,دراجة هوائية بناتي مقاس 16,,حبه,170.0,2,,20,18,2,0,,,,,نعم,,
7878-2,قبعة سباحة مطاط_00103,,حبه,6.0,400,,11,0,11,6,,,,,نعم,,
800-00190,مكعبات كيس 230قطعه,,حبة,18.0,48,,284,259,25,12,,,,,نعم,,
800-00622,خيمة بيبي مع 50 كورة - SY043,,حبة,42.0,18,,21,8,13,12,,,,,نعم,,
800-00719,طقم عرائس 4 حبه,,BOX,50.0,24,,53,39,14,6,,,,,نعم,,
800-00720,طقم عرائس 6حبه,,BOX,45.0,24,,31,16,15,6,,,,,نعم,,
800-00920,بوكس سيارت اساور (حيونات)بوكس 48 حبه,,حبة,1.5,1728,,952,720,232,48,,,,,نعم,,
800-01107,تسريحه طاوله كبير,,حبه,75.0,6,,2,0,2,0,,,,,نعم,,
800-01176,جيب دبل,,حبه,22.0,48,,15,0,15,6,,,,,نعم,,
800-01228,المربع السحري علبه 6حبه,,BOX,16.0,60,,16,8,8,1,,,,,نعم,,
800-01228-1,مكعب روبيك 6 حبات بعلبة-بالحبة,,حبة,4.35,6,,2,0,2,0,,,,,نعم,,
800-01324,مكعبات بشنطة 116 قطعه,,حبه,11.0,72,,5,0,5,0,,,,,نعم,,
800-01440,سطل بحر وعدة رمل,,حبه,10.0,48,,282,263,19,18,,,,,نعم,,
800-01442,عربية وعدة رمل,,حبه,15.0,24,,67,50,17,18,,,,,نعم,,
800-01763,كرت اكسسوارات وشنط احمر,,حبه,6.5,84,,37,18,19,12,,,,,نعم,,
800-01918,لعبة المطرقة التفاعلية,,حبه,27.0,36,,10,0,10,0,,,,,نعم,,
800-01928,سوبر ماركت علبة كبير,,حبه,58.0,8,,2,0,2,0,,,,,نعم,,
800-02107,بولينج شفاف_علبة مكشوف ازرق,,حبه,13.34,24,,2,0,2,0,,,,,نعم,,
800-02121,تحدي ترتيب البزل بعلبة,,حبه,8.0,144,,98,90,8,6,,,,,نعم,,
800-02122,اكس او مكعبات خشب,,حبه,9.0,192,,591,574,17,17,,,,,نعم,,
800-02128,الرسم بالخرز اللاصق_ديناصورات,,حبه,14.0,108,,202,190,12,6,,,,,نعم,,
800-02129,الرسم بالخرز اللاصق_بحريات,,حبه,14.0,108,,52,47,5,6,,,,,نعم,,
800-02130,الرسم بالخرز اللاصق_حشرات,,حبه,14.0,108,,149,138,11,6,,,,,نعم,,
800-02141,مجموعة الوان قابل للغسيل,,حبه,12.5,80,,36,22,14,6,,,,,نعم,,
800-02142,لعبة كود نيمز_انجليزي,,حبه,15.0,72,,11,0,11,0,,,,,نعم,,
800-02144,لعبة كود نيمز عربي,,حبه,18.0,96,,89,79,10,6,,,,,نعم,,
800-02214-1,لعبة ماء_كورومي 24 حبه-بالحبة,,حبة,4.35,24,,4,0,4,0,,,,,نعم,,
800-02314,بروجيكتر رسم بعلبه,,حبه,18.0,36,,28,20,8,6,,,,,نعم,,
800-02326,اكسسوارات بنات مع عروسة ودولاب_كيس,,حبه,8.0,120,,2,2,0,0,,,,,نعم,,
800-02377,لعبة تركيب الاشكال مكعبات,,حبه,8.25,144,,83,55,28,6,,,,,نعم,,
800-02380,لعبة ترتيب الألوان خشبيه,,حبه,9.0,108,,2,2,0,6,,,,,نعم,,
800-02423,بيض زينة ملون,,حبه,6.0,200,,4,0,4,0,,,,,نعم,,
800-02427,عروسة شخصية غابي,,BOX,34.0,48,,4,0,4,0,,,,,نعم,,
800-02439,سيارت دف صغيره 12 حبه بعلبة,,BOX,15.0,72,,89,83,6,1,,,,,نعم,,
800-02474,فرش بزل للأطفال_بناتي,,حبه,25.0,20,,8,0,8,0,,,,,نعم,,
800-02537,لعبة ورقية_المواقع والاتجاهات,,حبه,10.0,96,,61,44,17,6,,,,,نعم,,
800-02552,طلقات اوربيز 50 الف طلقه,,حبه,8.34,108,,2,0,2,0,,,,,نعم,,
800-02554,سيارة ريموت اتجاهين الابطال,,حبه,8.25,80,,196,171,25,12,,,,,نعم,,
800-02556,سيارة ريموت اتجاهين سبايدرمان,,حبه,8.75,80,,344,319,25,12,,,,,نعم,,
800-02567,بزل تركيب شخصية كرومي 24 قطعة,,BOX,30.0,30,,28,21,7,1,,,,,نعم,,
800-02568,بزل تركيب منوعة 24 قطعة,,BOX,30.0,30,,64,57,7,1,,,,,نعم,,
800-02579,بندقية صوت مع بخار,,حبه,23.0,36,,190,174,16,12,,,,,نعم,,
800-02580,لعبة التنقيب عن الأحجار الكريمة,,حبه,8.0,60,,64,49,15,6,,,,,نعم,,
800-02628,صندوق العاب خفه للاطفال,,حبه,10.0,72,,192,176,16,6,,,,,نعم,,
800-02629,مجموعة العاب خفه,,حبه,8.75,128,,5,0,5,0,,,,,نعم,,
800-02631,سبورة رسم سحرية 8.5,,حبه,6.0,100,,9,6,3,0,,,,,نعم,,
800-02655-1,تلفون أطفال بوكس12حبة_بالحبة,,حبة,4.35,,,4,0,4,0,,,,,نعم,,
800-02669,لعبة لغز ترتيب الصور,,حبه,5.0,240,,232,221,11,6,,,,,نعم,,
800-02676,كاميرا بروجكتور بكرت,,حبه,6.0,180,,18,0,18,6,,,,,نعم,,
800-02681,لعبة ترتيب صور الحيوانات,,حبه,12.0,84,,202,185,17,6,,,,,نعم,,
800-02708,مجموعة الرسم السحري,,حبه,18.34,60,,2,0,2,0,,,,,نعم,,
800-02715,جوال تطابق الاشكال للأطفال ولادي,,حبه,10.0,120,,6,0,6,6,,,,,نعم,,
800-02732,عربية فقاعات صابون جزازة,,حبه,22.5,8,,2,0,2,0,,,,,نعم,,
800-02747,بزل صور ديناصورات بوكس 24 حبه,,BOX,30.0,30,,45,38,7,1,,,,,نعم,,
800-02748,بزل صور بوليس بوكس 24 حبه,,BOX,30.0,30,,81,74,7,1,,,,,نعم,,
800-02764,سيارات سباق على ورق مقوى سفاري,,حبه,22.0,36,,45,38,7,6,,,,,نعم,,
800-02765,سيارات سباق على ورق مقوى بحري,,حبه,22.0,36,,3,0,3,0,,,,,نعم,,
800-02827,عربية مع عروسة كبير بكيس,,حبه,16.0,48,,122,103,19,12,,,,,نعم,,
800-02841,اكسسوارات و 6 حبات تاج بناتي,,حبه,15.42,108,,213,181,32,6,,,,,نعم,,
800-02842,الة العملات المعدنية,,حبه,25.0,32,,23,0,23,0,,,,,نعم,,
800-02869,لوح كورة سلة بعلبة,,حبه,22.0,48,,25,9,16,6,,,,,نعم,,
800-02888,لعبة تطابق الاشكال بطه,,حبه,8.25,60,,98,88,10,6,,,,,نعم,,
800-02963,معارفي الأولى مجموعة تعليم,,حبه,23.0,30,,71,58,13,6,,,,,نعم,,
800-03032,عروسة مفردفسان قصير,,حبه,8.25,120,,86,74,12,6,,,,,نعم,,
800-03033,عروسة مفرد فستان قصير,,حبه,8.25,120,,169,152,17,6,,,,,نعم,,
800-03034,عروسة مفرد فستان طويل,,حبه,8.25,120,,138,121,17,6,,,,,نعم,,
800-03046,سيارة ريموت جيب دبل صغير,,حبه,34.0,36,,22,16,6,6,,,,,نعم,,
800-03063,بيانو مفرش سوبر ماريو,,حبه,12.0,144,,212,175,37,6,,,,,نعم,,
800-03069,أدوات منوعة تتحول الى رجل الي,,حبه,8.0,96,,86,61,25,6,,,,,نعم,,
800-03096,سيارة ريموت الابطال,,حبه,16.67,72,,2,0,2,6,,,,,نعم,,
800-03103,سيارة ريموت مكشوف تفتح الباب,,حبه,49.0,12,,4,0,4,0,,,,,نعم,,
800-03126,عروسة سوفت بعلبة شفاف,,حبه,29.0,24,,2,0,2,0,,,,,نعم,,
800-03127,العاب بطارية سكيت بوليس,,حبه,14.0,144,,762,754,8,6,,,,,نعم,,
800-03129,العاب بطارية سكيت دخان ميلودي,,حبه,14.0,120,,6,0,6,4,,,,,نعم,,
800-03130,العاب بطارية سكيت دخان كرومي,,حبه,14.0,120,,18,0,18,6,,,,,نعم,,
800-03153,حصالة بناتي,,حبه,15.0,96,,146,134,12,11,,,,,نعم,,
800-03177,كتاب تعليمي عربي,,حبه,28.0,72,,7,0,7,6,,,,,نعم,,
800-03180,مسدس راس ديناصور مع هدف,,حبه,14.0,48,,16,6,10,6,,,,,نعم,,
800-03209,ورق بلوت توي جوي,,حبه,7.0,144,,171,134,37,6,,,,,نعم,,
800-03212,لعبة ورقية_كَلِم,,حبه,7.0,144,,13,0,13,12,,,,,نعم,,
800-03214,علبة صلصال احمر,,حبه,3.75,192,,39,0,39,6,,,,,نعم,,
800-03215,علبة صلصال بمبي,,حبه,3.75,192,,6,6,0,6,,,,,نعم,,
800-03231,دكتور علبة وسط,,حبه,29.0,24,,13,0,13,0,,,,,نعم,,
800-03253,علبة اكسسوارات مناكير,,حبه,29.0,18,,15,5,10,12,,,,,نعم,,
800-03255,طلقات اوربيز مضيئة 3 الف طلقة_50ظرف,,ربطة,150.0,12,,2,0,2,0,,,,,نعم,,
800-03256,طلقات اوربيز 25 الف طلقة,,حبه,4.34,216,,339,302,37,12,,,,,نعم,,
800-03257,طلقات اوربيز 45 الف طلقة,,حبه,8.0,120,,120,83,37,12,,,,,نعم,,
800-03259,مكرفون وسماعه بعلبة,,حبه,12.0,120,,59,42,17,6,,,,,نعم,,
800-03283,سيارة بهلواني مع ساعة وريموت,,حبه,39.0,36,,18,0,18,14,,,,,نعم,,
800-03305,مجموعة 2*1بيت قط واكسسوارات,,حبه,42.0,16,,17,2,15,6,,,,,نعم,,
800-03311,مفرش أطفال مع شخاشيخ,,حبه,25.0,30,,158,146,12,12,,,,,نعم,,
800-03312,مواقف سيارات دورية المخالب,,حبه,32.0,24,,121,103,18,7,,,,,نعم,,
800-03321,بيبليد شكل بنت,,حبه,15.0,36,,23,0,23,6,,,,,نعم,,
800-03323,كاشيير كبير مع سلة تسوق بعلبة,,حبه,38.0,16,,21,14,7,9,,,,,نعم,,
800-03324,مجموعة وزاوز شخصيات منوعة بكيس,,حبه,8.0,216,,851,815,36,36,,,,,نعم,,
800-03326,صندوق مفاجات كرومي وستيتش,,حبه,17.0,60,,152,135,17,6,,,,,نعم,,
800-03327,صندوق مفاجات الابطال وماريو,,حبه,17.0,60,,137,120,17,6,,,,,نعم,,
800-03328,سماعة ومكرفون,,حبه,18.0,60,,60,45,15,12,,,,,نعم,,
800-03331,مكفرون أطفال مع أصوات موسيقية,,حبه,11.0,96,,2,0,2,0,,,,,نعم,,
800-03337,مسدس ماء مع حافظة,,حبه,7.5,72,,54,41,13,6,,,,,نعم,,
800-03350,نافورة فقاعات صابون,,حبه,19.17,48,,3,0,3,0,,,,,نعم,,
800-03352,صلصال بعلبة شفاف,,حبه,18.0,36,,76,59,17,6,,,,,نعم,,
800-03358,طاولة رسم مع ورق,,حبه,32.0,24,,2,0,2,0,,,,,نعم,,
800-03362,مطارة ماء مع الوان وملصقات,,حبه,16.0,60,,40,0,40,6,,,,,نعم,,
800-03364,مجموعة سونيك بعلبة شفافا,,حبه,22.0,48,,2,0,2,0,,,,,نعم,,
800-03366,حروف انجليزية مغناطيسية,,حبه,14.0,48,,111,94,17,6,,,,,نعم,,
800-03369,مكعبات 81 قطعة_فضاء,,حبه,32.92,24,,57,46,11,12,,,,,نعم,,
800-03374,كرت درع وسيف وقناع,,حبه,6.5,72,,20,9,11,3,,,,,نعم,,
800-03375,كرت درع وسيف,,حبه,4.0,120,,57,46,11,6,,,,,نعم,,
800-03391,دفتر تلونين قابل للمسح بالماء,,حبه,8.0,72,,358,335,23,6,,,,,نعم,,
800-03394,مكرفون أطفال قرش,,حبه,13.0,72,,220,208,12,6,,,,,نعم,,
800-03396,سبورة سحرية الاميرات,,حبه,8.0,120,,217,195,22,6,,,,,نعم,,
800-03400,مجموعة دكتور مع ملابس,,حبه,24.17,24,,16,0,16,3,,,,,نعم,,
800-03401,مكعب سحري اشكال مختلفة بكرت,,حبه,5.0,96,,10,0,10,6,,,,,نعم,,
800-03409,عروسة مع عربية وهزاز بعلبة,,حبه,54.0,16,,7,0,7,7,,,,,نعم,,
800-03411,كاشيير تسوق كرومي,,حبه,25.0,60,,230,175,55,18,,,,,نعم,,
800-03432,خيمة مع 100 كورة كرومي,,حبه,52.0,12,,102,92,10,6,,,,,نعم,,
800-03441,كرت جوال ونظارة وساعه لابوبو,,حبه,2.5,360,,399,353,46,12,,,,,نعم,,
800-03442,كرت جوال ونظارة وساعه كرومي,,حبه,2.5,360,,433,377,56,12,,,,,نعم,,
800-03446,فرفيرة كبير,,حبه,85.0,6,,28,18,10,6,,,,,نعم,,
800-03448,سيارة ريموت رابتر,,حبه,42.0,30,,164,151,13,12,,,,,نعم,,
800-03449,سيارات دف بكيس4 حبات,,حبه,8.75,128,,383,365,18,12,,,,,نعم,,
800-03450,بوكس 12 سيارة جي كلاس,,BOX,36.0,36,,53,50,3,1,,,,,نعم,,
800-03456,مسدس ماء صغير,,حبه,1.84,360,,379,343,36,12,,,,,نعم,,
800-03459,مجموعة مارفل بعلبة,,حبه,22.0,64,,13,0,13,0,,,,,نعم,,
800-03461,سيارات ريموت دورية,,حبه,19.0,72,,11,0,11,6,,,,,نعم,,
800-03462,جوال أطفال بصوت,,BOX,84.0,24,,39,34,5,1,,,,,نعم,,
800-03462-1,جوال أطفال بصوت_بالحبه,,حبة,7.0,,,11,0,11,0,,,,,نعم,,
800-03465,لعبة سكرو,,حبه,9.0,120,,215,194,21,6,,,,,نعم,,
800-03468,خيمة مع 100 كورة لول,,حبه,49.0,12,,31,18,13,6,,,,,نعم,,
800-03472,سيارة ريموت مجنونة احمر,,حبه,21.0,36,,134,121,13,12,,,,,نعم,,
800-03473,مجموعة حيوانات بكيس,,حبه,10.0,96,,300,277,23,12,,,,,نعم,,
800-03477,حيوانات بكيس مع حلقات,,حبه,7.0,84,,142,119,23,12,,,,,نعم,,
800-03482,مفرش أطفال,,حبه,32.0,12,,74,62,12,6,,,,,نعم,,
800-03483,مفرش أطفال مع تعليم مشي,,حبه,49.0,12,,57,45,12,6,,,,,نعم,,
800-03485,بروجكتر بعلبة فضاء,,حبه,16.0,72,,20,0,20,3,,,,,نعم,,
800-03489,مقوى تركيب وتلوين شكل خروف,,حبه,10.0,72,,261,225,36,6,,,,,نعم,,
800-03490,مقوى تركيب وتلوين شكل زرافة,,حبه,13.0,48,,46,28,18,6,,,,,نعم,,
800-03492,حلقات اطفال شكل اخطبوط,,حبه,11.0,64,,207,198,9,6,,,,,نعم,,
800-03493,العاب بطارية فيل مع كورة ودخان,,حبه,20.0,60,,178,167,11,6,,,,,نعم,,
800-03499,لعبة بناء الطوب,,حبه,10.84,72,,5,0,5,0,,,,,نعم,,
800-03501,مجموعة قطار بعلبة,,حبه,23.34,36,,125,112,13,13,,,,,نعم,,
800-03508,مجموعة عروسة مع شنطة,,حبه,30.0,24,,115,96,19,12,,,,,نعم,,
800-03509,مجموعة اشكال رسم هندسي,,حبه,12.0,96,,285,260,25,6,,,,,نعم,,
800-03515,مسدس طلقات فلين بعلبة,,حبه,14.0,96,,184,169,15,6,,,,,نعم,,
800-03527,شنطة أدوات متنوعة ولادي بناتي,,حبه,24.0,36,,10,0,10,0,,,,,نعم,,
800-03534,مجموعة مسدسات بعلبة 12حبه,,BOX,36.0,24,,43,36,7,3,,,,,نعم,,
800-03536,مجموعة روبوتات بعلبة 9حبات,,BOX,36.0,24,,94,91,3,3,,,,,نعم,,
800-03538,سيارة ريموت رينج روفر,,حبه,23.0,48,,6,0,6,0,,,,,نعم,,
800-03542,مجموعة بندقيات صغيرة 12 حبه,,BOX,14.0,36,,112,89,23,3,,,,,نعم,,
800-03546,تلفون أطفال بعلبة 12حبه,,BOX,78.0,16,,9,3,6,3,,,,,نعم,,
800-03549,خيمة بشنطة شخصيات منوعة,,حبه,25.0,60,,3,0,3,6,,,,,نعم,,
800-03552,كاشيير بناتي,,حبه,21.0,48,,5,0,5,12,,,,,نعم,,
800-03554,قطار بعلبة شفاف,,حبه,8.75,96,,13,0,13,6,,,,,نعم,,
800-03562,لعبة شيش مع إشارات مرور,,حبه,11.0,48,,212,199,13,6,,,,,نعم,,
800-03564,الأربعة تربح شخصيات منوعة,,حبه,12.0,72,,34,20,14,6,,,,,نعم,,
800-03567,تحدي ترتيب الاشكال,,حبه,8.0,120,,617,593,24,6,,,,,نعم,,
800-03570,سيارات رولز رويس 8  حبات,,BOX,112.0,18,,18,15,3,3,,,,,نعم,,
800-03581,ساعات أطفال شخصيات منوعة 12حبه,,BOX,24.0,48,,94,40,54,6,,,,,نعم,,
800-03587,سيارات حديد 12 حبه بعلبة,,BOX,80.0,24,,77,71,6,3,,,,,نعم,,
800-03589,مسدس صوت بكيس,,حبه,4.0,360,,80,17,63,6,,,,,نعم,,
800-03591,ليجو دمى صغيرة 4 اشكال_8 حبات بعلبة,,BOX,40.0,30,,35,23,12,3,,,,,نعم,,
800-03594,مجموعة تجميل بناتي,,حبه,19.17,60,,3,0,3,0,,,,,نعم,,
800-03602,مجموعة قوس مع هدف,,حبه,20.0,24,,122,103,19,12,,,,,نعم,,
800-03603,مجموعة قوس ومضارب تنس,,حبه,20.0,24,,120,101,19,12,,,,,نعم,,
800-03605,مسدس ماء بعلبة,,حبه,8.0,120,,185,169,16,6,,,,,نعم,,
800-03607,العاب بطارية شاحنة خلاط,,حبه,17.0,60,,133,131,2,6,,,,,نعم,,
800-03608,سيارة ريموت بوقاتي دركسون دائري,,حبه,14.0,60,,3,0,3,0,,,,,نعم,,
800-03609,مجموعة حيوانات بكيس,,حبه,8.0,96,,209,185,24,12,,,,,نعم,,
800-03611,جص تلوين اشكال منوعة,,حبه,8.75,60,,4,0,4,6,,,,,نعم,,
800-03612,مسدس طلقات فلين,,حبه,17.0,48,,126,111,15,6,,,,,نعم,,
800-03616,هوكي توكي وحيد القرن,,حبه,8.75,120,,115,92,23,15,,,,,نعم,,
800-03619,العاب رمل سطل ومغارف,,حبه,11.0,24,,2,0,2,0,,,,,نعم,,
800-03626,مجموعة سيارة وقارب,,حبه,16.0,36,,52,44,8,6,,,,,نعم,,
800-03627,عرائس بعلبة 4 حبات,,BOX,26.0,36,,79,59,20,3,,,,,نعم,,
800-03628,لعبة ورقية رحت فيها,,حبه,9.0,96,,75,59,16,6,,,,,نعم,,
800-03629,لعبة لودو,,حبه,11.0,72,,34,10,24,6,,,,,نعم,,
800-03631,مرجيحة بعلبة,,حبه,24.0,36,,7,0,7,0,,,,,نعم,,
800-03633,ملاهي بطارية تركيب بزل,,حبه,16.0,48,,11,0,11,6,,,,,نعم,,
800-03646,لعبة تحدي البناء,,حبه,7.5,96,,16,0,16,6,,,,,نعم,,
800-03652,عرائس بعلبة 6 حبات,,BOX,26.0,40,,6,0,6,3,,,,,نعم,,
800-03654,عروسة شكل عصري بعلبة شفاف,,حبه,27.0,40,,203,192,11,12,,,,,نعم,,
800-03656,عروسة مفرد طول 80سم,,حبه,28.0,20,,111,86,25,32,,,,,نعم,,
800-03659,سيارة ريموت باص مدرسة,,حبه,24.0,60,,36,24,12,6,,,,,نعم,,
800-03660,سيارة ريموت ونش,,حبه,29.0,32,,37,30,7,6,,,,,نعم,,
800-03662,مضارب تنس بناتي بعلبة مكشوف,,حبه,13.0,48,,152,127,25,12,,,,,نعم,,
800-03664,العاب بطارية سمك قرش مع كورة,,حبه,13.0,72,,380,368,12,6,,,,,نعم,,
800-03667,لعبة ثعبان مفرش,,حبه,23.0,24,,22,9,13,6,,,,,نعم,,
800-03668,مجموعة العاب 7*1 شنطة,,حبه,21.0,48,,83,67,16,6,,,,,نعم,,
800-03673,مجموعة عروسة بيبي,,حبه,27.0,24,,7,0,7,0,,,,,نعم,,
800-03674,عروسة بيبي مفرد بعلبة,,حبه,19.0,48,,119,107,12,6,,,,,نعم,,
800-03675,العاب بطارية شخصية ستيتش,,حبه,19.0,60,,146,136,10,6,,,,,نعم,,
800-03679,جص رسم وتلوين فراشات,,حبه,8.0,48,,92,78,14,6,,,,,نعم,,
800-03680,جص رسم وتلوين فضا,,حبه,8.0,48,,46,26,20,6,,,,,نعم,,
800-03684,فرشة كورة قدم بعلبة,,حبه,28.0,36,,29,19,10,6,,,,,نعم,,
800-03685,كرت بانيو مع بيبي,,حبه,8.25,72,,41,28,13,6,,,,,نعم,,
800-03686,ديناصورات بكيس,,حبه,8.75,84,,362,331,31,12,,,,,نعم,,
800-03691,سيارة جولف بناتي مع اثاث,,حبه,19.0,48,,108,81,27,9,,,,,نعم,,
800-03696,بوكس عرائس 3 حبات,,BOX,32.0,20,,7,0,7,6,,,,,نعم,,
800-03697,حاجز بدون كوره بعلبة,,حبه,22.0,60,,129,107,22,6,,,,,نعم,,
800-03698,حاجز بدون كوره بعلبة ديناصورات,,حبه,22.0,60,,189,167,22,6,,,,,نعم,,
800-03699,لعبة السلم والثعبان,,حبه,18.0,48,,80,68,12,6,,,,,نعم,,
800-03700,حلقات اطفال 13حلقة,,حبه,14.0,36,,56,40,16,12,,,,,نعم,,
800-03706,تروس فك وتركيب146قطعة,,حبه,10.0,72,,295,271,24,6,,,,,نعم,,
800-03708,صلصال صغير مع قوالب,,حبه,4.0,216,,258,239,19,12,,,,,نعم,,
800-03709,طبق دوار 12 حبه بعلبة,,BOX,30.0,12,,35,31,4,3,,,,,نعم,,
800-03709-1,طبق دوار 12 حبه بعلبة_بالحبه,,حبة,2.5,,,11,0,11,0,,,,,نعم,,
800-03710,سيارة ريموت مجنونة_شخصيات منوعة,,حبه,20.0,36,,143,123,20,12,,,,,نعم,,
800-03711,سيارة ريموت _جيب تسلا,,حبه,22.0,72,,192,176,16,6,,,,,نعم,,
800-03712,مجموعة دورية المخالب,,حبه,20.0,36,,46,36,10,6,,,,,نعم,,
800-03713,لعبة زنبركية شخصيات منوعة,,BOX,18.0,60,,87,76,11,10,,,,,نعم,,
800-03717,مجموعة اكسسوارات شكل صاروخ,,حبه,13.34,42,,90,81,9,6,,,,,نعم,,
800-03718,مجموعة 8 مسدسات صوت بعلبة,,BOX,125.0,10,,9,3,6,3,,,,,نعم,,
800-03719,مجموعة تسريحة واكسسوارات,,حبه,15.0,36,,92,79,13,12,,,,,نعم,,
800-03720,شنطة اكسسوارات بعلبة شفاف,,حبه,16.0,48,,6,0,6,0,,,,,نعم,,
800-03722,بيانو كبير مع مكرفون,,حبه,35.0,24,,7,0,7,0,,,,,نعم,,
800-03723,مجموعة مهندس اعمال بكيس,,حبه,7.0,96,,33,20,13,6,,,,,نعم,,
800-03727,طائرة بطارية صوت واضاءة بعلبة,,حبه,24.17,24,,72,53,19,12,,,,,نعم,,
800-03728,مسدس صوت وبخار بعلبة,,حبه,17.0,48,,46,26,20,6,,,,,نعم,,
800-03730,مجموعة عروسة بيبي,,حبه,24.0,30,,140,124,16,12,,,,,نعم,,
800-03731,مجموعة بيبي مع عربية,,حبه,32.0,18,,40,27,13,12,,,,,نعم,,
800-03732,كرت مسدس صابون,,حبه,8.25,72,,204,179,25,12,,,,,نعم,,
800-03734,جوال أطفال بعلبة 12 حبه,,BOX,72.0,24,,69,62,7,3,,,,,نعم,,
800-03736,بيانو صغير شخصيات,,حبه,7.5,216,,1365,1343,22,6,,,,,نعم,,
800-03737,حبل نط,,حبه,3.0,288,,227,200,27,6,,,,,نعم,,
800-03740,تقطيع الفواكة بكيس,,حبه,8.0,128,,19,10,9,0,,,,,نعم,,
800-03741,مجموعة شخصيات مارفل بعلبة,,حبه,24.0,60,,6,0,6,0,,,,,نعم,,
800-03744,شطرنج كلاسيكي صغير بعلبة,,حبه,4.0,120,,498,467,31,24,,,,,نعم,,
800-03745,العاب بطارية طائرة ستيتش,,حبه,15.0,72,,214,202,12,6,,,,,نعم,,
800-03747,العاب بطارية سباق بناتي ولادي,,حبه,17.0,72,,29,16,13,6,,,,,نعم,,
800-03749,بيبليد بعلبة,,حبه,12.5,56,,212,196,16,12,,,,,نعم,,
800-03753,مجموعة تسريحة شخصية دورا,,حبه,59.0,8,,16,2,14,3,,,,,نعم,,
800-03756,دباب فك وتركيب بعلبة,,حبه,7.0,120,,447,440,7,6,,,,,نعم,,
800-03759,مجموعة سوبر ماريو,,حبه,26.0,48,,79,62,17,6,,,,,نعم,,
800-03760,مسدس صوت مع عجلة بكيس,,حبه,8.25,144,,363,347,16,6,,,,,نعم,,
800-03763,سيكونس كبير,,حبه,24.0,24,,11,0,11,0,,,,,نعم,,
800-03766,لعبة شيش مفرش 50*60,,حبه,11.0,48,,27,3,24,0,,,,,نعم,,
800-03767,خيمة مع عدة تخييم,,حبه,38.0,18,,28,17,11,6,,,,,نعم,,
800-03769,سيارة ريموت جي كلاس شحن,,حبه,52.0,9,,4,0,4,0,,,,,نعم,,
800-03772,كاشير رجل الفضاء,,حبه,32.0,48,,258,252,6,12,,,,,نعم,,
800-03773,شخاشيخ سرير تعليق,,حبه,32.0,36,,192,154,38,12,,,,,نعم,,
800-03774,مفرش أطفال شخاشيخ وبيانو,,حبه,32.0,18,,86,74,12,12,,,,,نعم,,
800-03776,شخاشيخ والعاب سرير اطفال,,حبه,48.0,12,,39,28,11,6,,,,,نعم,,
800-03778,لعبة رمي كورة السلة,,حبه,11.0,60,,233,209,24,1,,,,,نعم,,
800-03779,خرز بنات شكل ايسكريم,,حبه,8.75,144,,264,239,25,24,,,,,نعم,,
800-03780,خرز بنات شكل ملاهي,,حبه,12.5,96,,284,259,25,24,,,,,نعم,,
800-03781,مجموعة 12 عروسة بعلبة,,BOX,78.0,18,,61,53,8,6,,,,,نعم,,
800-03784,طائرة بطارية,,حبه,10.0,96,,507,471,36,24,,,,,نعم,,
800-03785,مجموعة اكسسوارات مع عروسة,,حبه,20.0,24,,13,2,11,0,,,,,نعم,,
800-03788,أدوات نجارة بعلبة,,حبه,8.75,72,,109,97,12,12,,,,,نعم,,
800-03790,العاب بطارية الدب الراقص,,حبه,19.0,60,,245,230,15,12,,,,,نعم,,
800-03791,قلابين مع خوذه وشخصيه,,حبه,11.0,60,,16,5,11,12,,,,,نعم,,
800-03792,مجموعة تقطيع فواكة بكيس,,حبه,8.75,72,,13,0,13,0,,,,,نعم,,
800-03793,سياره ريموت سبيدرمان مع دخان,,حبه,21.0,72,,15,0,15,0,,,,,نعم,,
800-03796,بروجكتر رسم شخصيات منوعة,,حبه,23.0,48,,172,163,9,12,,,,,نعم,,
800-03798,العاب رمل سطل ومغارف,,حبه,10.0,48,,276,260,16,12,,,,,نعم,,
800-03800,لعبة جاكارو مطوي بعلبة,,حبه,15.0,60,,71,37,34,12,,,,,نعم,,
800-03803,مجموعة مكوى بعلبة,,حبه,24.0,36,,15,2,13,0,,,,,نعم,,
800-03807,مجموعة فك وتركيب مع خوذة,,حبه,15.84,36,,35,19,16,12,,,,,نعم,,
800-03808,مطبخ أطفال كبير,,حبه,75.0,8,,33,23,10,4,,,,,نعم,,
800-03809,سوبر ماركت كبير,,حبه,75.0,8,,42,33,9,4,,,,,نعم,,
800-03810,تسريحة وسط,,حبه,72.0,12,,88,76,12,6,,,,,نعم,,
800-03811,مجموعة اكسسوارات سلة وعربية,,حبه,26.0,24,,31,23,8,12,,,,,نعم,,
800-03814,مجموعة حفلة مع عروسة,,حبه,10.0,60,,86,57,29,12,,,,,نعم,,
800-03815,بيتزا بعلبة,,حبه,25.0,24,,46,35,11,6,,,,,نعم,,
800-03816,شاحنة ومجموعة سيارات,,حبه,11.0,72,,53,41,12,12,,,,,نعم,,
800-03824,مسدس طلقات سوفت,,حبه,6.0,120,,51,27,24,24,,,,,نعم,,
800-03825,سيارة ودباب فك وتركيب,,حبه,20.0,36,,146,133,13,12,,,,,نعم,,
800-03834,مجموعة عروسة شعر بني,,حبه,24.0,36,,19,11,8,0,,,,,نعم,,
800-03836,مجموعة عروسة شعر اشقر,,حبه,29.0,24,,12,0,12,12,,,,,نعم,,
800-03837,مجموعة عروسة شعر بني,,حبه,29.0,24,,41,29,12,6,,,,,نعم,,
800-03841,كرت سنارة سمك,,حبه,6.0,96,,241,210,31,6,,,,,نعم,,
800-03853,لعبة زهور بناتي,,حبه,28.0,24,,84,21,63,6,,,,,نعم,,
800-03854,سطل رمل شكل قلعة ومغارف,,حبه,11.0,32,,56,40,16,12,,,,,نعم,,
800-03855,العاب رمل نافورة ومغارف,,حبه,4.34,144,,762,737,25,12,,,,,نعم,,
800-03856,العاب رمل عربية ومغارف,,حبه,9.0,60,,318,299,19,12,,,,,نعم,,
800-03860,لعبة البحث عن المطابق في الكرت,,حبه,18.0,60,,238,209,29,18,,,,,نعم,,
800-03864,بيت تركيب مقوى 42 قطعة,,حبه,12.5,72,,299,281,18,18,,,,,نعم,,
800-03865,صوف صناعة الاساور,,حبه,15.0,60,,153,117,36,12,,,,,نعم,,
800-03867,لعبة تنس ونط الحبل بعلبة,,حبه,8.75,96,,270,245,25,12,,,,,نعم,,
800-03868,لعبة تنس ولادي بناتي بعلبة,,حبه,8.25,96,,279,254,25,12,,,,,نعم,,
800-03869,بنقدية طلقات سوفت بعلبة,,حبه,22.0,36,,120,104,16,12,,,,,نعم,,
800-03873,سيارة ريموت وسط_شاص,,حبه,16.67,96,,374,361,13,12,,,,,نعم,,
800-03956,مسدس طلقات اوربيز,,حبة,8.0,192,,341,314,27,6,,,,,نعم,,
B-102,مشاية أطفال زهور وكور_00343,,حبه,43.0,7,,2,0,2,0,,,,,نعم,,
BS30422-004,كورة سلة_00360,,حبه,13.34,50,,192,182,10,6,,,,,نعم,,
DJ-03,دمية الموز النعسان قطن 60سم,,حبه,23.0,40,,8,0,8,0,,,,,نعم,,
DJ-11,نجمة بارجل قطن 45سم,,حبه,22.0,60,,2,0,2,0,,,,,نعم,,
MLT-618Y,مشاية أطفال مفرد_بطه_00357,,حبه,95.0,,,2,0,2,1,,,,,نعم,,
